{
  "schemaVersion": "1.0.0",
  "readme": "",
  "modules": [
    {
      "kind": "javascript-module",
      "path": "color-picker.js",
      "declarations": [],
      "exports": [
        {
          "kind": "custom-element-definition",
          "name": "color-picker",
          "declaration": {
            "name": "ColorPicker",
            "module": "/src/ColorPicker.js"
          }
        }
      ]
    },
    {
      "kind": "javascript-module",
      "path": "index.js",
      "declarations": [],
      "exports": [
        {
          "kind": "js",
          "name": "ColorPicker",
          "declaration": {
            "name": "ColorPicker",
            "module": "./src/ColorPicker.js"
          }
        }
      ]
    },
    {
      "kind": "javascript-module",
      "path": "src/ColorPicker.js",
      "declarations": [
        {
          "kind": "class",
          "description": "",
          "name": "ColorPicker",
          "members": [
            {
              "kind": "method",
              "name": "__increment"
            },
            {
              "kind": "field",
              "name": "header",
              "type": {
                "text": "string"
              },
              "default": "'Hey there'",
              "privacy": "public",
              "attribute": "header"
            },
            {
              "kind": "field",
              "name": "counter",
              "type": {
                "text": "number"
              },
              "default": "5",
              "privacy": "public",
              "attribute": "counter"
            }
          ],
          "attributes": [
            {
              "name": "header",
              "fieldName": "header"
            },
            {
              "name": "counter",
              "fieldName": "counter"
            }
          ],
          "superclass": {
            "name": "LitElement",
            "package": "lit"
          },
          "tagName": "color-picker",
          "customElement": true
        }
      ],
      "exports": [
        {
          "kind": "js",
          "name": "ColorPicker",
          "declaration": {
            "name": "ColorPicker",
            "module": "src/ColorPicker.js"
          }
        }
      ]
    }
  ]
}
